date,customer_id,product,price,quantity,coupon_code,shipping_city
2014-10-18,C00706,Cosmetics,437.2,8446,SALE10,Tripoli
2011-11-07,C41302,Vegetables,154.1,3018,SALE20,Ottawa
2016-10-31,C22341,Baby Food,255.3,1517,SALE10,Tripoli
2010-04-10,C42649,Cereal,205.7,3322,SALE10,Tokyo
2011-08-16,C13555,Fruits,9.3,9845,SALE20,Chad
2014-11-24,C58888,Cereal,205.7,9528,SALE20,Armenia
2015-03-04,C14975,Cereal,205.7,2844,SALE30,Eritrea
2012-05-17,C30645,Clothes,109.3,7299,SALE20,Montenegro
2015-01-29,C67225,Vegetables,154.1,2428,SALE10,Jamaica
2013-12-24,C98544,Vegetables,154.1,4800,SALE30,Fiji
2015-12-29,C10930,Clothes,109.3,3012,SALE30,Lomé
2010-02-27,C03211,Snacks,152.6,2694,SALE20,Montenegro
2016-11-17,C86715,Household,668.3,1508,SALE20,Greece
2015-12-20,C85270,Cosmetics,437.2,4146,SALE30,Khartoum
2011-01-08,C35205,Fruits,9.3,7332,SALE10,Maldives
2010-06-28,C85348,Clothes,109.3,4820,SALE30,Montenegro
2016-04-25,C97025,Office Supplies,651.2,2397,SALE10,Estonia
2012-07-27,C44067,Beverages,47.5,2880,SALE10,Greenland
2014-09-08,C12801,Clothes,109.3,1117,SALE30,Cape Verde
2012-08-27,C02054,Household,668.3,8989,SALE20,Senegal
2012-09-03,C23156,Snacks,152.6,407,SALE30,Federated States of Micronesia
2010-08-27,C99934,Clothes,109.3,6313,SALE20,Bulgaria
2011-02-20,C68717,Personal Care,81.7,9681,SALE20,Algiers
2015-12-12,C78332,Clothes,109.3,515,SALE30,Mongolia
2012-10-28,C90107,Cereal,205.7,852,SALE10,Grenada
2017-01-30,C77871,Beverages,47.5,9759,SALE10,Grenada
2014-10-22,C27953,Beverages,47.5,8334,SALE10,Senegal
2012-01-31,C39179,Fruits,9.3,4709,SALE10,Greenland
2016-01-20,C22878,Meat,421.9,9043,SALE10,Chad
2016-01-01,C02879,Personal Care,81.7,8529,SALE10,Mauritius
2017-06-01,C15509,Beverages,47.5,2391,SALE30,Rabat
2015-06-30,C09597,Office Supplies,651.2,6884,SALE30,Honduras
2014-01-28,C46470,Fruits,9.3,293,SALE10,Benin
2014-04-08,C99957,Baby Food,255.3,7937,SALE10,Greece
2010-09-04,C56386,Beverages,47.5,7163,SALE30,Jamaica
2010-05-02,C14585,Office Supplies,651.2,2352,SALE20,Equatorial Guinea
2013-10-03,C85882,Office Supplies,651.2,9915,SALE10,Swaziland
2011-03-06,C94105,Vegetables,154.1,3294,SALE30,Trinidad and Tobago
2016-08-07,C75583,Baby Food,255.3,7963,SALE20,Stockholm
2011-01-11,C79143,Office Supplies,651.2,6426,SALE10,Belarus
2014-05-21,C66114,Office Supplies,651.2,3221,SALE20,Guinea-Bissau
2013-08-03,C10324,Beverages,47.5,9913,SALE20,Mongolia
2011-10-05,C98100,Meat,421.9,103,SALE10,Ankara
2016-11-15,C28272,Snacks,152.6,4419,SALE20,Central African Republic
2015-04-03,C12167,Office Supplies,651.2,5523,SALE10,Equatorial Guinea
2013-03-22,C73613,Beverages,47.5,3107,SALE30,Laos
2010-08-02,C48938,Meat,421.9,8896,SALE20,Armenia
2012-01-05,C86971,Household,668.3,1643,SALE10,Greece
2015-08-26,C49040,Personal Care,81.7,2135,SALE20,Jerusalem
2016-12-09,C08972,Meat,421.9,8189,SALE30,Bhutan
2012-05-17,C53096,Vegetables,154.1,9654,SALE20,Vanuatu
2010-11-17,C80240,Vegetables,154.1,3410,SALE20,Burundi
2014-11-13,C01733,Cosmetics,437.2,8368,SALE20,Kyiv
2016-06-16,C41401,Beverages,47.5,470,SALE30,Croatia
2016-05-31,C35575,Fruits,9.3,7690,SALE20,Madagascar
2012-10-06,C33080,Snacks,152.6,5033,SALE10,Malaysia
2012-03-10,C95246,Office Supplies,651.2,9535,SALE30,Uzbekistan
2011-01-26,C95901,Office Supplies,651.2,5263,SALE10,Rome
2014-06-02,C21373,Vegetables,154.1,8316,SALE30,Nepal
2016-12-17,C70490,Personal Care,81.7,1824,SALE30,Fiji
2014-06-27,C54580,Office Supplies,651.2,949,SALE30,Lisbon
2015-03-17,C97471,Cosmetics,437.2,7881,SALE30,Panama
2013-04-03,C35492,Beverages,47.5,6846,SALE10,Belarus
2015-03-08,C17470,Clothes,109.3,9097,SALE30,Botswana
2013-06-21,C04734,Personal Care,81.7,7921,SALE30,Tanzania
2013-01-06,C71112,Office Supplies,651.2,3636,SALE10,Romania
2012-03-17,C02931,Cereal,205.7,8590,SALE30,Mali
2014-04-18,C99021,Office Supplies,651.2,2163,SALE10,Central African Republic
2016-01-03,C70709,Baby Food,255.3,5766,SALE10,Niger
2011-05-12,C41823,Office Supplies,651.2,7841,SALE20,Vienna
2010-07-29,C48691,Fruits,9.3,8862,SALE10,New Delhi
2013-08-02,C40142,Baby Food,255.3,6335,SALE20,Luxembourg
2013-10-23,C77503,Beverages,47.5,9794,SALE10,Cape Verde
2017-02-05,C34604,Vegetables,154.1,5808,SALE20,Stockholm
2015-03-20,C97771,Meat,421.9,2975,SALE30,Iceland
2012-05-06,C65833,Personal Care,81.7,6925,SALE20,Doha
2013-09-30,C50118,Meat,421.9,5319,SALE30,South Sudan
2014-05-20,C74455,Office Supplies,651.2,2850,SALE20,London
2010-04-09,C75171,Cereal,205.7,6241,SALE10,Tunisia
2017-06-09,C01095,Office Supplies,651.2,9247,SALE30,United States of America
2015-02-08,C13554,Cereal,205.7,7653,SALE20,Liberia
2010-01-25,C86377,Snacks,152.6,4279,SALE10,Eritrea
2010-03-07,C05892,Fruits,9.3,3972,SALE30,Seoul
2013-01-03,C70926,Clothes,109.3,8611,SALE10,Nairobi
2017-03-06,C92809,Snacks,152.6,2109,SALE30,Rwanda
2011-01-09,C95369,Beverages,47.5,5408,SALE10,Cuba
2014-03-27,C14932,Cereal,205.7,1480,SALE30,Tripoli
2013-06-28,C00329,Snacks,152.6,332,SALE30,Prague
2011-09-04,C12885,Beverages,47.5,3999,SALE30,Montenegro
2016-07-14,C26431,Clothes,109.3,1549,SALE10,Montenegro
2014-02-23,C27294,Baby Food,255.3,4079,SALE20,Philippines
2010-08-07,C14301,Clothes,109.3,9721,SALE20,El Salvador
2013-01-14,C98782,Household,668.3,8635,SALE10,Tonga
2010-09-30,C04564,Personal Care,81.7,8014,SALE30,Democratic Republic of the Congo
2016-10-13,C67975,Cereal,205.7,7081,SALE10,Afghanistan
2011-03-16,C37844,Snacks,152.6,2091,SALE30,Tuvalu
2012-12-26,C75498,Fruits,9.3,1331,SALE30,Khartoum
2015-09-02,C54767,Clothes,109.3,117,SALE30,Niger
2013-11-11,C61977,Household,668.3,5798,SALE20,Gabon
2014-08-04,C95957,Vegetables,154.1,2755,SALE20,East Timor
2010-10-21,C68035,Clothes,109.3,7398,SALE10,United States of America
2015-06-13,C02040,Vegetables,154.1,3170,SALE30,Jordan
2012-03-29,C34299,Snacks,152.6,5544,SALE30,Cyprus
2012-06-22,C13640,Vegetables,154.1,7025,SALE30,Malawi
2013-05-10,C01393,Personal Care,81.7,2149,SALE20,Iceland
2016-12-10,C71383,Personal Care,81.7,2484,SALE30,Jerusalem
2011-03-20,C09941,Snacks,152.6,1629,SALE30,Abu Dhabi
2011-09-22,C15894,Cosmetics,437.2,213,SALE30,Beijing
2012-05-11,C00570,Beverages,47.5,897,SALE20,Nairobi
2011-11-15,C87797,Clothes,109.3,3374,SALE20,Somalia
2010-01-27,C13904,Beverages,47.5,9367,SALE10,Tonga
2011-08-17,C27718,Baby Food,255.3,7632,SALE20,Bangladesh
2014-09-06,C90568,Beverages,47.5,8954,SALE30,Cairo
2014-09-03,C76282,Cereal,205.7,1150,SALE30,Eritrea
2015-09-05,C71187,Office Supplies,651.2,4071,SALE30,Swaziland
2011-06-20,C74112,Baby Food,255.3,4594,SALE30,Vietnam
2012-01-12,C96386,Snacks,152.6,1632,SALE10,Marshall Islands
2017-01-23,C61836,Household,668.3,1127,SALE10,Taiwan
2012-03-04,C06790,Vegetables,154.1,1052,SALE30,Ireland
2010-07-18,C80077,Meat,421.9,6413,SALE10,Rwanda
2011-04-12,C43025,Snacks,152.6,4245,SALE10,Stockholm
2010-10-03,C69461,Snacks,152.6,8615,SALE10,Gabon
2013-12-29,C45714,Baby Food,255.3,5624,SALE30,Pretoria
2015-09-19,C70612,Clothes,109.3,8399,SALE30,London
2011-09-17,C55483,Fruits,9.3,2104,SALE30,Albania
2010-03-11,C24156,Snacks,152.6,8929,SALE30,Malaysia
2012-11-10,C12958,Household,668.3,3098,SALE20,Ghana
2011-02-16,C70717,Clothes,109.3,5867,SALE20,Cuba
2012-08-13,C58763,Cosmetics,437.2,522,SALE20,Saint Lucia
2014-08-28,C50921,Snacks,152.6,7379,SALE20,Romania
2015-08-19,C33522,Office Supplies,651.2,8788,SALE20,Lisbon
2011-03-20,C05393,Beverages,47.5,4129,SALE30,Macedonia
2013-04-16,C77862,Beverages,47.5,4811,SALE10,Beijing
2015-11-13,C74757,Baby Food,255.3,9279,SALE20,Berlin
2014-01-10,C32407,Household,668.3,8006,SALE10,Ireland
2015-04-09,C99639,Office Supplies,651.2,8496,SALE10,Warsaw
2013-01-07,C37782,Household,668.3,285,SALE10,Namibia
2013-02-12,C20663,Personal Care,81.7,9942,SALE20,Uzbekistan
2014-11-28,C34612,Meat,421.9,6064,SALE20,Zimbabwe
2015-01-03,C78455,Meat,421.9,4281,SALE10,Mongolia
2011-02-03,C63522,Personal Care,81.7,2256,SALE20,Oslo
2013-04-09,C13640,Snacks,152.6,4679,SALE10,Oman
2017-07-26,C65137,Cosmetics,437.2,8275,SALE10,Serbia
2017-04-15,C66842,Fruits,9.3,6798,SALE10,Democratic Republic of the Congo
2014-05-16,C80082,Baby Food,255.3,6035,SALE20,Bulgaria
2015-08-12,C78686,Baby Food,255.3,8803,SALE20,Brunei
2013-09-20,C48982,Snacks,152.6,9951,SALE30,Serbia
2013-10-31,C89799,Cereal,205.7,1358,SALE10,Ghana
2014-07-30,C12463,Cereal,205.7,6936,SALE10,Malawi
2011-11-12,C40803,Fruits,9.3,7627,SALE20,Zimbabwe
2010-03-25,C11148,Snacks,152.6,6405,SALE30,Cyprus
2011-07-04,C72326,Cereal,205.7,3274,SALE10,Nicaragua
2011-01-01,C85664,Baby Food,255.3,271,SALE10,Estonia
2016-06-16,C24991,Clothes,109.3,6463,SALE30,Estonia
2013-12-17,C76634,Fruits,9.3,2949,SALE30,Lithuania
2017-03-01,C39423,Meat,421.9,7859,SALE30,Republic of the Congo
2010-07-02,C24685,Baby Food,255.3,1353,SALE10,Prague
2013-07-16,C56248,Snacks,152.6,624,SALE10,Cameroon
2016-08-16,C70441,Office Supplies,651.2,4897,SALE20,Vietnam
2014-12-16,C16091,Meat,421.9,424,SALE30,Moldova
2012-05-14,C54527,Office Supplies,651.2,5494,SALE20,Bahrain
2017-07-18,C59576,Household,668.3,5423,SALE10,Budapest
2017-07-09,C17568,Personal Care,81.7,7559,SALE10,Marshall Islands
2011-09-30,C27329,Office Supplies,651.2,6283,SALE30,Baghdad
2015-11-24,C00189,Vegetables,154.1,8006,SALE20,Albania
2012-08-14,C59974,Office Supplies,651.2,6170,SALE20,Lesotho
2015-12-06,C43015,Clothes,109.3,6249,SALE30,Lebanon
2014-05-25,C98137,Vegetables,154.1,748,SALE20,Budapest
2012-10-18,C86671,Beverages,47.5,4203,SALE10,Tokyo
2013-03-13,C82443,Office Supplies,651.2,8180,SALE30,Georgia
2011-02-23,C71782,Office Supplies,651.2,6280,SALE20,Estonia
2014-08-15,C53516,Household,668.3,9131,SALE20,Luxembourg
2017-07-06,C38973,Personal Care,81.7,9396,SALE10,Swaziland
2010-12-31,C51982,Clothes,109.3,6765,SALE30,Romania
2010-01-13,C28870,Personal Care,81.7,2964,SALE10,Addis Ababa
2011-09-17,C18465,Office Supplies,651.2,6746,SALE30,Chad
2014-03-08,C82096,Office Supplies,651.2,8898,SALE30,Rabat
2012-11-18,C93591,Clothes,109.3,7237,SALE20,Mexico City
2011-11-18,C39278,Personal Care,81.7,1612,SALE20,Abuja
2012-07-12,C17985,Beverages,47.5,8904,SALE10,Trinidad and Tobago
2017-03-30,C41039,Personal Care,81.7,8022,SALE30,Moldova
2010-07-26,C32271,Personal Care,81.7,4909,SALE10,Solomon Islands
2015-12-24,C28006,Personal Care,81.7,7539,SALE30,New Delhi
2016-05-15,C77074,Office Supplies,651.2,917,SALE20,Burkina Faso
2010-11-03,C40803,Meat,421.9,2079,SALE20,Kiribati
2010-12-01,C93020,Meat,421.9,5093,SALE30,Jerusalem
2014-01-16,C20055,Snacks,152.6,6056,SALE10,Comoros
2014-12-11,C20734,Baby Food,255.3,8099,SALE30,Tehran
2016-12-24,C06387,Cosmetics,437.2,6384,SALE30,Vietnam
2013-03-21,C00841,Household,668.3,3101,SALE30,Belize
2012-12-08,C40424,Personal Care,81.7,2476,SALE30,Belarus
2015-02-13,C73964,Baby Food,255.3,5763,SALE20,United States of America
2012-03-28,C62791,Beverages,47.5,6247,SALE30,Warsaw
2016-10-07,C80731,Vegetables,154.1,4247,SALE10,Ottawa
2011-12-15,C14113,Beverages,47.5,2111,SALE30,Jerusalem
2016-03-08,C61765,Household,668.3,9219,SALE30,Lebanon
2011-01-18,C35015,Baby Food,255.3,6982,SALE10,Andorra
2013-04-11,C57692,Clothes,109.3,3843,SALE10,Slovakia
2010-05-18,C66123,Fruits,9.3,274,SALE20,Liberia
2017-06-05,C09136,Cereal,205.7,3782,SALE30,Antigua and Barbuda
2012-09-11,C48060,Personal Care,81.7,3901,SALE30,Beijing
2017-03-08,C56723,Baby Food,255.3,7200,SALE30,Niger
2015-01-28,C21452,Household,668.3,2278,SALE10,London
2010-07-26,C41077,Personal Care,81.7,4763,SALE10,Bangladesh
2016-06-24,C26925,Snacks,152.6,2317,SALE30,Myanmar
2012-08-18,C02824,Meat,421.9,9633,SALE20,Tonga
2010-03-11,C05103,Vegetables,154.1,3434,SALE30,Guinea-Bissau
2010-01-14,C82589,Vegetables,154.1,7475,SALE10,Nauru
2014-02-10,C96610,Cereal,205.7,7542,SALE20,Swaziland
2014-01-21,C20996,Vegetables,154.1,6452,SALE10,Helsinki
2010-02-28,C42073,Household,668.3,9055,SALE20,Papua New Guinea
2015-02-18,C58671,Personal Care,81.7,7230,SALE20,Mauritius
2012-06-14,C82116,Office Supplies,651.2,4888,SALE30,Mozambique
2013-03-05,C36238,Clothes,109.3,2972,SALE30,Bulgaria
2014-04-10,C57364,Household,668.3,4455,SALE10,Madrid
2017-07-26,C94323,Meat,421.9,9341,SALE10,Vanuatu
2010-10-19,C08442,Fruits,9.3,9669,SALE10,Brussels
2016-11-08,C73550,Baby Food,255.3,4503,SALE20,Brussels
2014-03-31,C75975,Clothes,109.3,4944,SALE30,Guinea-Bissau
2016-08-18,C14545,Vegetables,154.1,9121,SALE20,Lomé
2016-01-03,C00588,Personal Care,81.7,7196,SALE10,Cote d'Ivoire
2016-10-21,C57933,Fruits,9.3,6360,SALE10,Republic of the Congo
2016-12-10,C22907,Baby Food,255.3,5837,SALE30,Tripoli
2011-08-12,C44338,Vegetables,154.1,1882,SALE20,East Timor
2012-03-23,C83555,Clothes,109.3,2782,SALE30,Bern
2012-04-27,C14386,Snacks,152.6,3853,SALE10,Palau
2014-01-29,C23158,Household,668.3,2445,SALE10,Jordan
2016-12-13,C08701,Household,668.3,2936,SALE30,Slovenia
2013-11-21,C82342,Baby Food,255.3,1739,SALE20,Seoul
2010-04-07,C67909,Clothes,109.3,2296,SALE10,Oslo
2012-07-08,C01731,Baby Food,255.3,80,SALE10,Afghanistan
2016-10-15,C32635,Personal Care,81.7,7597,SALE10,Bangladesh
2012-09-18,C21949,Meat,421.9,9381,SALE30,Guinea
2017-07-02,C43503,Office Supplies,651.2,7002,SALE10,Cuba
2011-07-21,C83623,Cosmetics,437.2,4056,SALE10,Moscow
2010-06-01,C41138,Vegetables,154.1,1175,SALE30,Seychelles
2015-07-26,C27377,Office Supplies,651.2,1020,SALE10,Seoul
2010-08-06,C66166,Baby Food,255.3,3282,SALE20,Ghana
2010-06-20,C93836,Office Supplies,651.2,9685,SALE30,Costa Rica
2012-04-08,C59212,Cereal,205.7,8985,SALE10,Romania
2014-02-27,C23625,Cereal,205.7,1967,SALE20,Prague
2011-07-25,C60901,Household,668.3,6449,SALE10,Liechtenstein
2016-02-18,C57369,Baby Food,255.3,2279,SALE20,Seychelles
2014-01-24,C11857,Baby Food,255.3,6338,SALE10,Somalia
2015-05-10,C35693,Personal Care,81.7,7536,SALE20,Solomon Islands
2012-02-13,C52705,Clothes,109.3,1816,SALE20,Uganda
2012-09-07,C99222,Cereal,205.7,7151,SALE30,Equatorial Guinea
2015-02-04,C24071,Office Supplies,651.2,8547,SALE20,Costa Rica
2010-11-16,C88581,Fruits,9.3,3039,SALE20,Moldova
2011-07-20,C66580,Vegetables,154.1,4695,SALE10,Burkina Faso
2014-07-26,C44396,Beverages,47.5,9614,SALE10,Guatemala
2014-08-24,C20856,Meat,421.9,924,SALE20,Swaziland
2015-02-25,C07290,Vegetables,154.1,3789,SALE20,Maldives
2016-09-21,C27525,Household,668.3,399,SALE30,Thailand
2013-06-28,C17890,Household,668.3,4979,SALE30,Khartoum
2012-01-05,C27212,Meat,421.9,8783,SALE10,Costa Rica
2012-05-01,C16819,Beverages,47.5,5098,SALE20,Copenhagen
2011-10-13,C60541,Cereal,205.7,4240,SALE10,Angola
2016-04-27,C44704,Household,668.3,8559,SALE10,Papua New Guinea
2014-01-19,C68137,Meat,421.9,7435,SALE10,North Korea
2016-11-06,C42169,Fruits,9.3,2278,SALE20,El Salvador
2011-02-28,C90626,Household,668.3,1531,SALE20,Burkina Faso
2014-10-11,C49838,Baby Food,255.3,5668,SALE10,Yemen
2012-06-25,C68633,Beverages,47.5,2193,SALE30,Republic of the Congo
2012-11-06,C08338,Household,668.3,642,SALE20,Andorra
2014-02-24,C42782,Household,668.3,7584,SALE20,Dominican Republic
2015-09-19,C58293,Baby Food,255.3,1616,SALE30,Jerusalem
2014-03-04,C53699,Snacks,152.6,8369,SALE30,Solomon Islands
2014-10-08,C40328,Fruits,9.3,5503,SALE10,Liberia
2012-06-19,C42009,Vegetables,154.1,7712,SALE30,Mali
2010-11-11,C95069,Clothes,109.3,1718,SALE20,Uzbekistan
2010-11-01,C48336,Personal Care,81.7,1276,SALE20,Tunisia
2014-04-28,C63139,Vegetables,154.1,2173,SALE10,Vatican City
2012-12-22,C13305,Snacks,152.6,7227,SALE30,Djibouti
2014-08-25,C85164,Household,668.3,1285,SALE20,Kyiv
2016-11-26,C77543,Fruits,9.3,6227,SALE20,East Timor
2010-10-20,C01769,Cereal,205.7,5965,SALE10,Uganda
2014-12-18,C81672,Meat,421.9,1441,SALE30,Guinea
2011-03-20,C53580,Clothes,109.3,5629,SALE30,Equatorial Guinea
2016-07-12,C66320,Cosmetics,437.2,8534,SALE10,Malta
2011-01-26,C81220,Household,668.3,2191,SALE10,Cyprus
2010-02-24,C72110,Office Supplies,651.2,5668,SALE20,Prague
2015-01-02,C25316,Vegetables,154.1,64,SALE10,Tripoli
2016-07-26,C39667,Office Supplies,651.2,3509,SALE10,Vietnam
2014-06-01,C26492,Vegetables,154.1,6163,SALE30,Jordan
2012-12-21,C09617,Beverages,47.5,5220,SALE30,Mali
2010-02-27,C25372,Household,668.3,9902,SALE20,Prague
2016-04-24,C22585,Vegetables,154.1,6465,SALE10,Slovakia
2012-07-22,C62583,Vegetables,154.1,3195,SALE10,Zimbabwe
2015-02-22,C19195,Cereal,205.7,5409,SALE20,Honduras
2011-02-10,C78749,Beverages,47.5,455,SALE20,Bern
2015-01-21,C40073,Cosmetics,437.2,2715,SALE10,Pretoria
2012-05-10,C14495,Beverages,47.5,8598,SALE20,Uganda
2015-12-16,C25844,Vegetables,154.1,1547,SALE30,Tehran
2017-02-25,C10446,Vegetables,154.1,7036,SALE20,Algiers
2012-01-31,C17132,Baby Food,255.3,7570,SALE10,Central African Republic
2013-02-07,C07227,Cosmetics,437.2,7685,SALE20,The Bahamas
2014-09-14,C54562,Household,668.3,8948,SALE30,Pretoria
2012-06-05,C45464,Cereal,205.7,4957,SALE30,Benin
2014-04-05,C78760,Cosmetics,437.2,6344,SALE10,Budapest
2014-02-02,C65780,Office Supplies,651.2,5768,SALE20,Vienna
2010-09-01,C30351,Office Supplies,651.2,2923,SALE30,Tajikistan
2011-05-17,C08801,Office Supplies,651.2,9532,SALE20,Lisbon
2013-04-21,C49959,Beverages,47.5,4349,SALE10,Brussels
2014-08-10,C15153,Beverages,47.5,8161,SALE20,Slovenia
2010-09-19,C78210,Snacks,152.6,8786,SALE30,Prague
2013-04-13,C25459,Personal Care,81.7,6071,SALE10,Marshall Islands
2016-01-28,C55729,Fruits,9.3,6897,SALE10,Khartoum
2013-12-09,C80346,Clothes,109.3,175,SALE30,Dominican Republic
2014-02-21,C23140,Cereal,205.7,1848,SALE20,Tanzania
2017-06-09,C20438,Clothes,109.3,9888,SALE30,Bern
2014-04-17,C21068,Household,668.3,9302,SALE10,Greenland
2011-05-20,C86360,Fruits,9.3,7124,SALE20,Tonga
2012-08-28,C90140,Vegetables,154.1,7422,SALE20,Riyadh
2015-07-25,C18736,Cosmetics,437.2,6296,SALE10,Belize
2014-10-27,C70978,Cosmetics,437.2,6874,SALE10,Angola
2013-10-18,C58193,Household,668.3,4319,SALE10,Malaysia
2013-02-15,C04210,Beverages,47.5,822,SALE20,Addis Ababa
2014-07-08,C45355,Baby Food,255.3,607,SALE10,Greenland
2016-12-12,C30459,Cereal,205.7,4928,SALE30,Benin
2012-11-24,C20847,Cereal,205.7,7073,SALE20,Yemen
2014-11-03,C90350,Baby Food,255.3,7358,SALE20,Rwanda
2013-08-03,C25295,Meat,421.9,8132,SALE20,Mauritania
2012-05-23,C24509,Personal Care,81.7,8775,SALE20,Wellington
2015-07-22,C99322,Clothes,109.3,699,SALE10,Samoa
2017-02-01,C73561,Clothes,109.3,2344,SALE20,Fiji
2012-01-28,C83554,Beverages,47.5,4186,SALE10,Malawi
2015-08-03,C78130,Beverages,47.5,3729,SALE20,Marshall Islands
2013-06-23,C18617,Baby Food,255.3,508,SALE30,Grenada
2011-08-03,C78842,Meat,421.9,1093,SALE20,Luxembourg
2016-10-30,C45134,Meat,421.9,4080,SALE10,Zimbabwe
2010-09-05,C16321,Vegetables,154.1,5100,SALE30,Beijing
2013-07-13,C03732,Beverages,47.5,1815,SALE10,United States of America
2012-10-09,C31193,Vegetables,154.1,8916,SALE10,Central African Republic
2012-01-03,C35034,Vegetables,154.1,3127,SALE10,Antigua and Barbuda
2012-02-08,C64083,Baby Food,255.3,8203,SALE20,Guatemala
2015-01-03,C79667,Clothes,109.3,9930,SALE10,Doha
2012-05-13,C55615,Personal Care,81.7,1126,SALE20,Jerusalem
2012-01-13,C78255,Snacks,152.6,6639,SALE10,Thailand
2011-07-30,C46415,Cereal,205.7,8349,SALE10,Singapore
2017-03-13,C71423,Snacks,152.6,167,SALE30,North Korea
2017-03-23,C77107,Office Supplies,651.2,3036,SALE30,Vienna
2016-03-16,C99796,Baby Food,255.3,9929,SALE30,Tokyo
2015-12-18,C88317,Beverages,47.5,851,SALE30,Zimbabwe
2011-10-25,C03999,Fruits,9.3,7838,SALE10,Lithuania
2011-06-30,C20669,Baby Food,255.3,9958,SALE30,Luxembourg
2016-03-27,C24657,Cosmetics,437.2,8309,SALE30,Central African Republic
2016-12-23,C14789,Household,668.3,1021,SALE30,Oslo
2013-04-18,C02395,Fruits,9.3,8256,SALE10,Democratic Republic of the Congo
2017-03-08,C11302,Household,668.3,7205,SALE30,Wellington
2011-06-03,C77838,Personal Care,81.7,7092,SALE30,Kyiv
2013-11-30,C50832,Personal Care,81.7,4173,SALE20,Taiwan
2013-05-11,C91612,Cereal,205.7,6733,SALE20,Rome
2010-11-13,C74005,Personal Care,81.7,89,SALE20,Helsinki
2016-03-09,C84340,Office Supplies,651.2,1591,SALE30,Khartoum
2013-08-19,C21445,Snacks,152.6,5618,SALE20,Croatia
2011-04-19,C96649,Beverages,47.5,8581,SALE10,Mauritania
2014-07-20,C33778,Baby Food,255.3,3923,SALE10,Wellington
2014-09-08,C69162,Beverages,47.5,7117,SALE30,Pakistan
2015-06-04,C51629,Household,668.3,668,SALE30,Warsaw
2013-12-19,C42506,Cereal,205.7,9113,SALE30,Lithuania
2012-05-18,C15622,Cereal,205.7,4019,SALE20,Pakistan
2013-10-12,C57305,Cosmetics,437.2,8984,SALE10,East Timor
2011-01-02,C66382,Fruits,9.3,4638,SALE10,Marshall Islands
2013-02-02,C54183,Household,668.3,3642,SALE20,Cuba
2011-03-19,C44536,Baby Food,255.3,5689,SALE30,Greenland
2012-10-03,C73767,Personal Care,81.7,2503,SALE10,Luxembourg
2014-10-23,C90706,Beverages,47.5,2838,SALE10,Jerusalem
2015-07-12,C56681,Baby Food,255.3,7480,SALE10,Djibouti
2010-05-06,C45520,Cereal,205.7,4247,SALE20,Bulgaria
2010-11-27,C43550,Vegetables,154.1,2988,SALE20,Mongolia
2010-12-26,C49601,Clothes,109.3,582,SALE30,Dominican Republic
2012-12-30,C74999,Cosmetics,437.2,5940,SALE30,Yemen
2016-08-21,C43574,Personal Care,81.7,5005,SALE20,Federated States of Micronesia
2015-02-03,C91654,Personal Care,81.7,5751,SALE20,Helsinki
2013-12-19,C68065,Cereal,205.7,3181,SALE30,The Bahamas
2012-05-12,C34138,Meat,421.9,4334,SALE20,Grenada
2014-03-28,C63699,Meat,421.9,3275,SALE30,Sao Tome and Principe
2017-01-11,C43077,Personal Care,81.7,6103,SALE10,El Salvador
2015-06-21,C71100,Baby Food,255.3,5949,SALE30,Stockholm
2012-11-29,C59097,Cosmetics,437.2,7974,SALE20,Turkmenistan
2010-01-01,C30894,Vegetables,154.1,4369,SALE10,Monaco
2016-01-06,C22821,Meat,421.9,9359,SALE10,Ankara
2014-10-14,C83706,Beverages,47.5,4199,SALE10,Mozambique
2013-12-09,C74876,Office Supplies,651.2,2173,SALE30,Yemen
2010-10-19,C70160,Cereal,205.7,3601,SALE10,Philippines
2011-05-02,C55885,Personal Care,81.7,830,SALE20,Democratic Republic of the Congo
2011-03-17,C30881,Snacks,152.6,3241,SALE30,Fiji
2014-09-24,C06475,Office Supplies,651.2,2244,SALE30,Macedonia
2015-12-01,C06495,Cereal,205.7,6283,SALE30,Tunisia
2017-06-02,C67270,Cereal,205.7,5829,SALE30,Liechtenstein
2011-08-04,C37627,Cosmetics,437.2,8390,SALE20,Doha
2014-07-29,C78895,Meat,421.9,3499,SALE10,Tonga
2017-01-26,C64902,Meat,421.9,7726,SALE10,Brussels
2010-11-05,C81975,Fruits,9.3,9669,SALE20,Chad
2015-03-26,C28943,Baby Food,255.3,4957,SALE30,Thailand
2012-10-07,C17135,Clothes,109.3,1251,SALE10,Iceland
2013-07-22,C70378,Meat,421.9,3245,SALE10,Saint Lucia
2013-08-16,C25000,Cosmetics,437.2,7661,SALE20,Tokyo
2013-11-05,C29830,Personal Care,81.7,8254,SALE20,New Delhi
2016-03-01,C46195,Office Supplies,651.2,812,SALE30,Vanuatu
2012-03-25,C47925,Meat,421.9,8150,SALE30,Chad
2017-06-20,C21346,Cosmetics,437.2,5118,SALE30,Malawi
2014-04-18,C65287,Cosmetics,437.2,3596,SALE10,Helsinki
2016-06-28,C91076,Clothes,109.3,7494,SALE30,Ankara
2012-05-20,C22542,Meat,421.9,7755,SALE20,Pretoria
2014-02-04,C96012,Office Supplies,651.2,7353,SALE20,Lithuania
2015-11-15,C60314,Beverages,47.5,6293,SALE20,Moscow
2013-01-11,C76777,Baby Food,255.3,6610,SALE10,The Bahamas
2013-04-24,C19229,Snacks,152.6,7373,SALE10,The Bahamas
2010-05-15,C73998,Cosmetics,437.2,9679,SALE20,Ankara
2010-04-17,C39911,Cosmetics,437.2,1659,SALE10,Mauritius
2012-08-25,C28298,Vegetables,154.1,3473,SALE20,Bulgaria
2014-04-19,C62987,Household,668.3,2315,SALE10,Tehran
2013-02-26,C80304,Household,668.3,7408,SALE20,Ghana
2011-12-28,C29079,Baby Food,255.3,5006,SALE30,Malawi
2014-08-21,C70640,Baby Food,255.3,3395,SALE20,Zimbabwe
2014-08-21,C78814,Vegetables,154.1,7894,SALE20,Tajikistan
2014-03-02,C39931,Cereal,205.7,5851,SALE30,Prague
2012-09-06,C52817,Household,668.3,1646,SALE30,Mauritius
2010-09-16,C28802,Fruits,9.3,1689,SALE30,Lesotho
2013-08-13,C91713,Beverages,47.5,9424,SALE20,Mali
2012-09-11,C77878,Personal Care,81.7,323,SALE30,Georgia
2011-08-31,C36126,Office Supplies,651.2,6892,SALE20,Albania
2015-04-21,C27784,Cosmetics,437.2,3667,SALE10,Cyprus
2010-07-11,C26681,Household,668.3,2215,SALE10,Saint Kitts and Nevis
2015-08-09,C19145,Meat,421.9,6135,SALE20,Tunisia
2015-10-17,C04004,Meat,421.9,6057,SALE10,Cuba
2012-07-24,C92587,Cereal,205.7,4641,SALE10,Kiribati
2012-03-25,C08720,Snacks,152.6,1581,SALE30,Cambodia
2014-08-11,C88733,Baby Food,255.3,8600,SALE20,Moldova
2016-10-15,C81453,Cereal,205.7,4452,SALE10,Uzbekistan
2016-12-03,C48210,Cosmetics,437.2,9924,SALE30,New Delhi
2010-06-12,C62829,Personal Care,81.7,2834,SALE30,Berlin
2016-07-29,C11641,Vegetables,154.1,3030,SALE10,Vienna
2013-12-09,C93473,Office Supplies,651.2,7391,SALE30,Berlin
2012-07-12,C19653,Clothes,109.3,4829,SALE10,Bhutan
2012-01-14,C14009,Fruits,9.3,1287,SALE10,Kyrgyzstan
2013-03-20,C12869,Personal Care,81.7,4738,SALE30,Somalia
2014-02-10,C65062,Household,668.3,186,SALE20,Saint Lucia
2013-10-26,C31916,Snacks,152.6,4668,SALE10,Armenia
2016-04-16,C87259,Beverages,47.5,2252,SALE10,Ottawa
2011-05-27,C17418,Cosmetics,437.2,9036,SALE20,Burundi
2016-08-04,C21222,Cereal,205.7,8149,SALE20,Liechtenstein
2012-07-03,C10000,Snacks,152.6,4754,SALE10,Tunisia
2014-12-04,C07579,Beverages,47.5,1042,SALE30,Baghdad
2010-05-31,C50287,Cosmetics,437.2,1237,SALE20,Indonesia
2013-02-05,C86953,Beverages,47.5,6594,SALE20,Kazakhstan
2015-06-15,C78904,Beverages,47.5,399,SALE30,Copenhagen
2014-10-21,C99969,Vegetables,154.1,2969,SALE10,Luxembourg
2017-02-13,C36476,Snacks,152.6,6653,SALE20,Cape Verde
2010-06-29,C87253,Vegetables,154.1,832,SALE30,Palau
2014-05-19,C63629,Vegetables,154.1,6915,SALE20,Canberra
2015-03-21,C89430,Meat,421.9,3346,SALE30,Nicaragua
2015-08-31,C00986,Office Supplies,651.2,598,SALE20,Laos
2015-08-23,C47124,Personal Care,81.7,6176,SALE20,Cuba
2016-02-24,C89173,Cosmetics,437.2,9615,SALE20,Moldova
2015-06-17,C00961,Household,668.3,7485,SALE30,Syria
2012-11-27,C68816,Cereal,205.7,8382,SALE20,The Bahamas
2012-09-07,C91565,Snacks,152.6,7938,SALE30,Belarus
2012-06-23,C80538,Clothes,109.3,3812,SALE30,Abu Dhabi
2014-10-23,C59562,Beverages,47.5,698,SALE10,Angola
2015-09-18,C64966,Cosmetics,437.2,5320,SALE30,Cuba
2016-01-24,C45577,Office Supplies,651.2,1431,SALE10,Kyiv
2010-03-23,C62724,Fruits,9.3,4818,SALE30,Mozambique
2012-07-26,C90234,Personal Care,81.7,8299,SALE10,Armenia
2015-10-20,C14437,Clothes,109.3,6722,SALE10,Greenland
2017-06-27,C34159,Office Supplies,651.2,1968,SALE30,Saint Kitts and Nevis
2016-04-04,C60729,Beverages,47.5,7946,SALE10,Vatican City
2015-08-05,C17976,Clothes,109.3,5600,SALE20,Kyiv
2012-06-16,C42227,Cereal,205.7,7903,SALE30,Niger
2016-04-03,C82311,Cosmetics,437.2,4860,SALE10,Myanmar
2014-09-21,C99555,Baby Food,255.3,8508,SALE30,Guinea
2015-08-08,C67788,Snacks,152.6,7913,SALE20,Guinea-Bissau
2012-07-19,C73338,Office Supplies,651.2,4174,SALE10,South Sudan
2011-08-26,C15034,Snacks,152.6,5421,SALE20,Ankara
2012-06-23,C04202,Household,668.3,1816,SALE30,Palau
2011-11-20,C64671,Beverages,47.5,550,SALE20,Warsaw
2015-05-13,C32770,Beverages,47.5,848,SALE20,Malaysia
2010-07-16,C57326,Personal Care,81.7,8963,SALE10,United States of America
2016-05-21,C99668,Cosmetics,437.2,3183,SALE20,Bern
2011-04-22,C33624,Cosmetics,437.2,8825,SALE10,Papua New Guinea
2012-08-14,C45522,Beverages,47.5,3237,SALE20,Namibia
2012-03-17,C34189,Clothes,109.3,799,SALE30,Ireland
2010-08-06,C10955,Household,668.3,7922,SALE20,Mozambique
2013-02-25,C99647,Baby Food,255.3,8049,SALE20,Democratic Republic of the Congo
2011-03-06,C36594,Meat,421.9,6654,SALE30,United States of America
2015-12-14,C70623,Office Supplies,651.2,6240,SALE30,Azerbaijan
2017-02-10,C63062,Office Supplies,651.2,1345,SALE20,Brussels
2016-09-20,C87741,Office Supplies,651.2,3536,SALE30,Taiwan
2010-04-30,C30986,Baby Food,255.3,6411,SALE10,Panama
2013-06-25,C91627,Beverages,47.5,600,SALE30,Andorra
2012-07-04,C80990,Household,668.3,8765,SALE10,Georgia
2013-09-21,C22905,Snacks,152.6,597,SALE30,Barbados
2016-12-08,C53699,Personal Care,81.7,7821,SALE30,Stockholm
2011-09-02,C22201,Meat,421.9,9191,SALE30,Algiers
2011-03-21,C89738,Personal Care,81.7,5494,SALE30,Rome
2011-01-08,C30139,Fruits,9.3,4546,SALE10,Moscow
2015-02-22,C29732,Office Supplies,651.2,6197,SALE20,Antigua and Barbuda
2017-05-15,C87345,Fruits,9.3,7325,SALE20,Jordan
